source,scraped_at,url,sku,title,image_url,price,currency,category,price_source,product_id,sub_group_id,price_max,original_price,original_price_max,max_discount_pct,leader_sku,pip_type,price_type,flags,page,row_index
potterybarn.com,2026-09-24T14:12:50.768372+00:00,https://www.potterybarn.com/products/york-slope-arm-deep-slipcovered-sofa-collection/,york-slope-arm-deep-slipcovered-sofa-collection,"York Slope Arm Deep Seat Slipcovered Sofa (60""-108"")",https://assets.pbimgs.com/pbimgs/rk/images/dp/wcm/202629/0076/york-slope-arm-deep-seat-slipcovered-sofa-60-108-c.jpg,1679.0,USD,sofa,constructor-browse,york-slope-arm-deep-slipcovered-sofa-collection,,4199.0,1999.0,4199.0,20.0,865462,guided,Discount,freePers | inHome,1,0
potterybarn.com,2026-09-24T14:12:50.768442+00:00,https://www.potterybarn.com/products/buchanan-upholstered-sofa-collection/,buchanan-upholstered-sofa-collection,"Buchanan Roll Arm Sofa (63""-94"")",https://assets.pbimgs.com/pbimgs/rk/images/dp/wcm/202632/0006/buchanan-roll-arm-sofa-63-94-1-c.jpg,999.0,USD,sofa,constructor-browse,buchanan-upholstered-sofa-collection,,2799.0,,,,12720827,guided,Regular,freePers | inHome,1,1
potterybarn.com,2026-09-24T14:12:50.768474+00:00,https://www.potterybarn.com/products/pb-comfort-modern-square-arm-upholstered-sofa/,pb-comfort-modern-square-arm-upholstered-sofa,"PB Comfort Modern Square Arm Sofa (62""-118"")",https://assets.pbimgs.com/pbimgs/rk/images/dp/wcm/202638/0009/pb-comfort-modern-square-arm-sofa-62-118-1-c.jpg,1359.0,USD,sofa,constructor-browse,pb-comfort-modern-square-arm-upholstered-sofa,,4899.0,1599.0,4899.0,40.0,13712930,guided,Discount,freePers | inHome,1,2
potterybarn.com,2026-09-24T14:12:50.768499+00:00,https://www.potterybarn.com/products/carlisle-upholstered-sofa-collection/,carlisle-upholstered-sofa-collection,"Carlisle Sofa (60""-90"")",https://assets.pbimgs.com/pbimgs/rk/images/dp/wcm/202632/0008/carlisle-sofa-73-90-1-c.jpg,1279.0,USD,sofa,constructor-browse,carlisle-upholstered-sofa-collection,,3699.0,1499.0,3699.0,40.0,16784969,guided,Discount,freePers | inHome,1,3
potterybarn.com,2026-09-24T14:12:50.768524+00:00,https://www.potterybarn.com/products/york-slope-arm-slipcovered-sofa-collection/,york-slope-arm-slipcovered-sofa-collection,"York Slope Arm Slipcovered Sofa (60""-108"")",https://assets.pbimgs.com/pbimgs/rk/images/dp/wcm/202635/0186/york-slope-arm-slipcovered-sofa-60-108-c.jpg,1499.0,USD,sofa,constructor-browse,york-slope-arm-slipcovered-sofa-collection,,3999.0,,,40.0,5110917,guided,Discount,freePers | inHome,1,4
potterybarn.com,2026-09-24T14:12:50.768548+00:00,https://www.potterybarn.com/products/josie-upholstered-sofa/,josie-upholstered-sofa,"Josie Sofa (58""-82"")",https://assets.pbimgs.com/pbimgs/rk/images/dp/wcm/202625/0003/josie-sofa-58-82-c.jpg,499.0,USD,sofa,constructor-browse,josie-upholstered-sofa,,1799.0,,,,3026907,guided,Regular,freePers | inHome,1,5
potterybarn.com,2026-09-24T14:12:50.768581+00:00,https://www.potterybarn.com/products/jake-upholstered-wood-base-sofa-collection/,jake-upholstered-wood-base-sofa-collection,"Jake Seadrift Wood Base Sofa (63""-120"")",https://assets.pbimgs.com/pbimgs/rk/images/dp/wcm/202639/0005/jake-seadrift-wood-base-sofa-63-120-2-c.jpg,1599.0,USD,sofa,constructor-browse,jake-upholstered-wood-base-sofa-collection,,4699.0,1899.0,4699.0,40.0,15686157,guided,Discount,freePers | inHome,1,6
potterybarn.com,2026-09-24T14:12:50.768605+00:00,https://www.potterybarn.com/products/turner-leather-sofa-collection/,turner-leather-sofa-collection,"Turner Square Arm Leather Sofa (65""-104"")",https://assets.pbimgs.com/pbimgs/rk/images/dp/wcm/202625/0005/turner-square-arm-leather-sofa-65-104-c.jpg,2319.0,USD,sofa,constructor-browse,turner-leather-sofa-collection,,4449.0,2899.0,4449.0,20.0,3982810,guided,Discount,freePers | inHome,1,7
potterybarn.com,2026-09-24T14:12:50.768628+00:00,https://www.potterybarn.com/products/pb-comfort-roll-slipcovered-sofa-collection/,pb-comfort-roll-slipcovered-sofa-collection,"PB Comfort Roll Arm Slipcovered Sofa (68""-122"")",https://assets.pbimgs.com/pbimgs/rk/images/dp/wcm/202629/0067/pb-comfort-roll-arm-slipcovered-sofa-68-122-c.jpg,1679.0,USD,sofa,constructor-browse,pb-comfort-roll-slipcovered-sofa-collection,,4799.0,1799.0,4799.0,40.0,946287,guided,Discount,freePers | inHome,1,8
potterybarn.com,2026-09-24T14:12:50.768650+00:00,https://www.potterybarn.com/products/york-square-arm-upholstered-sofa-collection/,york-square-arm-upholstered-sofa-collection,"York Square Arm Sofa (60""-108"")",https://assets.pbimgs.com/pbimgs/rk/images/dp/wcm/202629/0042/york-square-arm-sofa-60-108-c.jpg,1439.0,USD,sofa,constructor-browse,york-square-arm-upholstered-sofa-collection,,3899.0,1699.0,3899.0,40.0,4756083,guided,Discount,freePers | inHome,1,9
potterybarn.com,2026-09-24T14:12:50.768672+00:00,https://www.potterybarn.com/products/prescott-leather-sq-sofa/,prescott-leather-sq-sofa,"Prescott Leather Sofa (60""-120"")",https://assets.pbimgs.com/pbimgs/rk/images/dp/wcm/202633/0411/prescott-leather-sofa-60-120-9-c.jpg,2999.0,USD,sofa,constructor-browse,prescott-leather-sq-sofa,,5799.0,,,,17909847,guided,Regular,inHome | newcore,1,10
potterybarn.com,2026-09-24T14:12:50.768695+00:00,https://www.potterybarn.com/products/chesterfield-tufted-leather-sofa-collection/,chesterfield-tufted-leather-sofa-collection,"Chesterfield Roll Arm Leather Sofa (65""-96"")",https://assets.pbimgs.com/pbimgs/rk/images/dp/wcm/202637/0014/chesterfield-roll-arm-leather-sofa-65-96-c.jpg,2559.0,USD,sofa,constructor-browse,chesterfield-tufted-leather-sofa-collection,,5249.0,3199.0,5249.0,20.0,8547601,guided,Discount,freePers | inHome,1,11
potterybarn.com,2026-09-24T14:12:50.768719+00:00,https://www.potterybarn.com/products/westwood-square-arm-upholstered-sofa/,westwood-square-arm-upholstered-sofa,"Westwood Square Arm Deep Seat Sofa (65""-125"")",https://assets.pbimgs.com/pbimgs/rk/images/dp/wcm/202636/0089/westwood-square-arm-deep-seat-sofa-65-125-c.jpg,1519.0,USD,sofa,constructor-browse,westwood-square-arm-upholstered-sofa,,4099.0,1799.0,4099.0,40.0,5952872,guided,Discount,freePers | inHome,1,12
potterybarn.com,2026-09-24T14:12:50.768743+00:00,https://www.potterybarn.com/products/turner-leather-roll-arm-sofa-collection/,turner-leather-roll-arm-sofa-collection,"Turner Roll Arm Leather Sofa (69""-109"")",https://assets.pbimgs.com/pbimgs/rk/images/dp/wcm/202614/0037/turner-roll-arm-leather-sofa-69-109-c.jpg,2319.0,USD,sofa,constructor-browse,turner-leather-roll-arm-sofa-collection,,4399.0,2899.0,4399.0,20.0,9463597,guided,Discount,freePers | inHome,1,13
potterybarn.com,2026-09-24T14:12:50.768766+00:00,https://www.potterybarn.com/products/pearce-square-upholstered-sofa-collection/,pearce-square-upholstered-sofa-collection,"Pearce Square Arm Sofa (66""-112"")",https://assets.pbimgs.com/pbimgs/rk/images/dp/wcm/202637/0022/pearce-square-arm-sofa-66-112-c.jpg,1679.0,USD,sofa,constructor-browse,pearce-square-upholstered-sofa-collection,,4699.0,1999.0,4699.0,40.0,13787270,guided,Discount,freePers | inHome,1,14
potterybarn.com,2026-09-24T14:12:50.768789+00:00,https://www.potterybarn.com/products/buchanan-square-arm-upholstered-sofa-collection/,buchanan-square-arm-upholstered-sofa-collection,"Buchanan Square Arm Sofa (62""-90"")",https://assets.pbimgs.com/pbimgs/rk/images/dp/wcm/202632/0094/buchanan-square-arm-sofa-78-90-c.jpg,999.0,USD,sofa,constructor-browse,buchanan-square-arm-upholstered-sofa-collection,,2899.0,,,,12720363,guided,Regular,freePers | inHome,1,15
potterybarn.com,2026-09-24T14:12:50.768811+00:00,https://www.potterybarn.com/products/chesterfield-tufted-upholstered-sofa-collection/,chesterfield-tufted-upholstered-sofa-collection,"Chesterfield Roll Arm Sofa (67""-119"")",https://assets.pbimgs.com/pbimgs/rk/images/dp/wcm/202637/0018/chesterfield-roll-arm-sofa-67-119-1-c.jpg,1999.0,USD,sofa,constructor-browse,chesterfield-tufted-upholstered-sofa-collection,,4849.0,2199.0,4849.0,40.0,1761771,guided,Discount,freePers | inHome,1,16
potterybarn.com,2026-09-24T14:12:50.768834+00:00,https://www.potterybarn.com/products/york-slope-arm-upholstered-sofa-collection/,york-slope-arm-upholstered-sofa-collection,"York Slope Arm Sofa (60""-108"")",https://assets.pbimgs.com/pbimgs/rk/images/dp/wcm/202627/0002/york-slope-arm-sofa-60-108-c.jpg,1439.0,USD,sofa,constructor-browse,york-slope-arm-upholstered-sofa-collection,,3899.0,1699.0,3899.0,40.0,4299203,guided,Discount,freePers | inHome,1,17
potterybarn.com,2026-09-24T14:12:50.768856+00:00,https://www.potterybarn.com/products/jake-upholstered-tapered-legs-sofa/,jake-upholstered-tapered-legs-sofa,"Jake Turned Leg Sofa (64""-120"")",https://assets.pbimgs.com/pbimgs/rk/images/dp/wcm/202634/1026/jake-tapered-legs-sofa-64-120-14-c.jpg,1999.0,USD,sofa,constructor-browse,jake-upholstered-tapered-legs-sofa,,4399.0,,,,14635437,guided,Regular,inHome | newcore,1,18
potterybarn.com,2026-09-24T14:12:50.768879+00:00,https://www.potterybarn.com/products/carlisle-upholstered-tightback-sofa-collection/,carlisle-upholstered-tightback-sofa-collection,"Carlisle Tightback Sofa (60""-90"")",https://assets.pbimgs.com/pbimgs/rk/images/dp/wcm/202632/0006/carlisle-tightback-sofa-73-90-c.jpg,1279.0,USD,sofa,constructor-browse,carlisle-upholstered-tightback-sofa-collection,,3699.0,1499.0,3699.0,20.0,10092005,guided,Discount,freePers | inHome,1,19
potterybarn.com,2026-09-24T14:12:50.768902+00:00,https://www.potterybarn.com/products/jake-leather-wood-base-sofa-collection/,jake-leather-wood-base-sofa-collection,"Jake Leather Seadrift Wood Base Sofa (63""-120"")",https://assets.pbimgs.com/pbimgs/rk/images/dp/wcm/202629/0072/jake-leather-seadrift-wood-base-sofa-63-120-c.jpg,2639.0,USD,sofa,constructor-browse,jake-leather-wood-base-sofa-collection,,5599.0,3299.0,5599.0,20.0,6850293,guided,Discount,freePers | inHome,1,20
potterybarn.com,2026-09-24T14:12:50.768934+00:00,https://www.potterybarn.com/products/buchanan-roll-arm-slipcovered-sofa-collection/,buchanan-roll-arm-slipcovered-sofa-collection,"Buchanan Roll Arm Slipcovered Sofa (63""-94"")",https://assets.pbimgs.com/pbimgs/rk/images/dp/wcm/202622/0019/buchanan-roll-arm-slipcovered-sofa-79-94-3-c.jpg,1599.0,USD,sofa,constructor-browse,buchanan-roll-arm-slipcovered-sofa-collection,,3399.0,,,,12806956,guided,Regular,inHome | newcore,1,21
potterybarn.com,2026-09-24T14:12:50.768963+00:00,https://www.potterybarn.com/products/pb-comfort-roll-upholstered-sofa-collection/,pb-comfort-roll-upholstered-sofa-collection,"PB Comfort Roll Arm Sofa (68""-122"")",https://assets.pbimgs.com/pbimgs/rk/images/dp/wcm/202627/0002/pb-comfort-roll-arm-sofa-68-122-c.jpg,1519.0,USD,sofa,constructor-browse,pb-comfort-roll-upholstered-sofa-collection,,4699.0,1699.0,4699.0,40.0,9911724,guided,Discount,freePers | inHome,1,22
potterybarn.com,2026-09-24T14:12:50.768987+00:00,https://www.potterybarn.com/products/big-sur-square-arm-upholstered-sofa-collection/,big-sur-square-arm-upholstered-sofa-collection,"Big Sur Square Arm Sofa (76""-120"")",https://assets.pbimgs.com/pbimgs/rk/images/dp/wcm/202637/0008/big-sur-square-arm-sofa-76-120-c.jpg,1599.0,USD,sofa,constructor-browse,big-sur-square-arm-upholstered-sofa-collection,,4299.0,1899.0,4299.0,40.0,13745575,guided,Discount,freePers | inHome,1,23
